{"cameraMode":{"drawMode":0,"name":"Shaded","section":"Shading Mode"},"sceneLighting":false,"audioPlay":false,"sceneViewState":{"showFog":true,"showMaterialUpdate":false,"showSkybox":false,"showFlares":true,"showImageEffects":true,"showParticleSystems":true},"in2DMode":false,"pivot":{"x":30.68186378479004,"y":-1.1869704723358155,"z":37.7690544128418},"rotation":{"x":0.2581513822078705,"y":-0.6527237296104431,"z":0.2530909776687622,"w":0.6657745838165283},"size":7.455646514892578,"orthographic":true}