{"cameraMode":{"drawMode":0,"name":"Shaded","section":"Shading Mode"},"sceneLighting":false,"audioPlay":false,"sceneViewState":{"showFog":true,"showMaterialUpdate":false,"showSkybox":false,"showFlares":true,"showImageEffects":true,"showParticleSystems":true},"in2DMode":false,"pivot":{"x":6.254000186920166,"y":-2.8819997310638429,"z":13.378168106079102},"rotation":{"x":-0.02972526103258133,"y":0.9621995687484741,"z":-0.24404828250408173,"w":-0.11719576269388199},"size":0.4279918670654297,"orthographic":true}