{"cameraMode":{"drawMode":0,"name":"Shaded","section":"Shading Mode"},"sceneLighting":true,"audioPlay":false,"sceneViewState":{"showFog":true,"showMaterialUpdate":false,"showSkybox":true,"showFlares":true,"showImageEffects":true,"showParticleSystems":true},"in2DMode":false,"pivot":{"x":35.498207092285159,"y":1.677694320678711,"z":76.37368774414063},"rotation":{"x":0.37843260169029238,"y":0.040802229195833209,"z":-0.01670035347342491,"w":0.9245789051055908},"size":11.783316612243653,"orthographic":false}