{"cameraMode":{"drawMode":0,"name":"Shaded","section":"Shading Mode"},"sceneLighting":false,"audioPlay":false,"sceneViewState":{"showFog":true,"showMaterialUpdate":false,"showSkybox":false,"showFlares":true,"showImageEffects":true,"showParticleSystems":true},"in2DMode":false,"pivot":{"x":-0.2014213353395462,"y":0.8484938144683838,"z":5.79727840423584},"rotation":{"x":-0.2547512352466583,"y":0.09643878787755966,"z":-0.025465087965130807,"w":-0.961865246295929},"size":0.16829663515090943,"orthographic":false}