{"cameraMode":{"drawMode":0,"name":"Shaded","section":"Shading Mode"},"sceneLighting":true,"audioPlay":false,"sceneViewState":{"showFog":true,"showMaterialUpdate":false,"showSkybox":true,"showFlares":true,"showImageEffects":true,"showParticleSystems":true},"in2DMode":false,"pivot":{"x":0.19296693801879884,"y":-13.256988525390625,"z":70.4033203125},"rotation":{"x":0.465911865234375,"y":0.0912797823548317,"z":-0.048394814133644107,"w":0.8787787556648254},"size":18.326414108276368,"orthographic":true}