{"cameraMode":{"drawMode":0,"name":"Shaded","section":"Shading Mode"},"sceneLighting":true,"audioPlay":false,"sceneViewState":{"showFog":true,"showMaterialUpdate":false,"showSkybox":true,"showFlares":true,"showImageEffects":true,"showParticleSystems":true},"in2DMode":false,"pivot":{"x":44.83000183105469,"y":-2.640000343322754,"z":75.12000274658203},"rotation":{"x":0.14043918251991273,"y":-0.8547241687774658,"z":0.30080804228782656,"w":0.3990470767021179},"size":50.54825210571289,"orthographic":true}