{"cameraMode":{"drawMode":0,"name":"Shaded","section":"Shading Mode"},"sceneLighting":true,"audioPlay":false,"sceneViewState":{"showFog":true,"showMaterialUpdate":false,"showSkybox":true,"showFlares":true,"showImageEffects":true,"showParticleSystems":true},"in2DMode":false,"pivot":{"x":4.065143585205078,"y":-10.731854438781739,"z":63.26778030395508},"rotation":{"x":0.5316882729530335,"y":0.13960504531860352,"z":-0.08932138234376908,"w":0.8305935263633728},"size":20.046295166015626,"orthographic":false}