{"cameraMode":{"drawMode":0,"name":"Shaded","section":"Shading Mode"},"sceneLighting":false,"audioPlay":false,"sceneViewState":{"showFog":true,"showMaterialUpdate":false,"showSkybox":false,"showFlares":true,"showImageEffects":true,"showParticleSystems":true},"in2DMode":false,"pivot":{"x":30.64531707763672,"y":-1.1869704723358155,"z":37.7859992980957},"rotation":{"x":-0.06691516190767288,"y":0.9273901581764221,"z":-0.20144803822040559,"w":-0.308051198720932},"size":1.0099505186080933,"orthographic":true}