{"cameraMode":{"drawMode":0,"name":"Shaded","section":"Shading Mode"},"sceneLighting":true,"audioPlay":false,"sceneViewState":{"showFog":true,"showMaterialUpdate":false,"showSkybox":true,"showFlares":true,"showImageEffects":true,"showParticleSystems":true},"in2DMode":false,"pivot":{"x":18.416738510131837,"y":-1.358017921447754,"z":30.096446990966798},"rotation":{"x":0.2918001413345337,"y":-0.21148023009300233,"z":0.06636205315589905,"w":0.9304748177528381},"size":16.46803855895996,"orthographic":true}