{"cameraMode":{"drawMode":0,"name":"Shaded","section":"Shading Mode"},"sceneLighting":false,"audioPlay":false,"sceneViewState":{"showFog":true,"showMaterialUpdate":false,"showSkybox":false,"showFlares":true,"showImageEffects":true,"showParticleSystems":true},"in2DMode":false,"pivot":{"x":7.994643211364746,"y":-0.6600000262260437,"z":13.340141296386719},"rotation":{"x":0.2852920889854431,"y":0.5727792978286743,"z":-0.2220648229122162,"w":0.7357138395309448},"size":1.0099505186080933,"orthographic":true}