{"cameraMode":{"drawMode":0,"name":"Shaded","section":"Shading Mode"},"sceneLighting":false,"audioPlay":false,"sceneViewState":{"showFog":true,"showMaterialUpdate":false,"showSkybox":false,"showFlares":true,"showImageEffects":true,"showParticleSystems":true},"in2DMode":false,"pivot":{"x":5.150000095367432,"y":-1.7300000190734864,"z":67.34437561035156},"rotation":{"x":0.14043918251991273,"y":-0.8547241687774658,"z":0.30080804228782656,"w":0.3990470767021179},"size":5.544696807861328,"orthographic":true}