{"cameraMode":{"drawMode":0,"name":"Shaded","section":"Shading Mode"},"sceneLighting":false,"audioPlay":false,"sceneViewState":{"showFog":true,"showMaterialUpdate":false,"showSkybox":false,"showFlares":true,"showImageEffects":true,"showParticleSystems":true},"in2DMode":false,"pivot":{"x":-0.11022945493459702,"y":0.817101001739502,"z":5.797505855560303},"rotation":{"x":-0.2547512352466583,"y":0.09643878787755966,"z":-0.025465087965130807,"w":-0.961865246295929},"size":0.16829663515090943,"orthographic":false}